{
  "Actor": {
    "types": ["character", "npc"],
    "templates": {
      "base": {
        "health": {
          "value": 10,
          "min": 0,
          "max": 10
        },
        "power": {
          "value": 5,
          "min": 0,
          "max": 5
        },
        "biography": "",

        "archetype": {},
        "stances": [],
        "build": {},
        "skills": [],
        "tokens": {
          "speed": 0,
          "iron": 0,
          "power": 0,
          "weakness": 0,
          "burning": 0
        },
        "healthBars": [],
        "bonuses": {}
      }
    },
    "character": {
      "templates": ["base"],
      "attributes": {
        "level": {
          "value": 1
        }
      },
      "abilities": {
        "speedTokens": {
          "value": 10,
          "min": 0
        },
        "ironTokens": {
          "value": 0,
          "min": 0
        },
        "powerTokens": {
          "value": 0,
          "min": 0
        },
        "weaknessTokens": {
          "value": 0,
          "min": 0
        }
      }
    },
    "npc": {
      "templates": ["base"],
      "cr": 0
    }
  },
  "Item": {
    "types": ["style", "form", "item", "feature", "spell"],
    "templates": {
      "base": {}
    },

    "form": {
      "templates": ["base"],
      "name": "Dance Form",
      "altNames": ["Circle", "Crab"],
      "actionDice": ["d6", "6", "d4"],
      "abilityDescription": "",
      "skillDescription": ""
    },

    "style": {
      "templates": ["base"],
      "name": "Crystal Style",
      "range": [1, 2],
      "description": "When one of your Copies is destroyed, it deals 1 damage to every enemy adjacent to it.",
      "uniqueActions": [
        {
          "name": "Splinter",
          "description": "At the start of your turn, give one Weakness token to every enemy within range.",
          "costOptions": [
            {
              "resources": [
                { "id": "hp", "amount": -2 },
                { "id": "burnToken", "amount": -2 }
              ]
            },
            { "resources": [{ "id": "dice", "amount": 4 }] }
          ],
          "effects": [
            { "id": "hp", "amount": -2 },
            {
              "id": "copy-player",
              "amount": 1
            }
          ]
        }
      ],
      "commentary": ""
    },

    "item": {
      "templates": ["base"],
      "quantity": 1,
      "weight": 0,
      "formula": "d20 + @str.mod + ceil(@lvl / 2)"
    },
    "feature": {
      "templates": ["base"]
    },
    "spell": {
      "templates": ["base"],
      "spellLevel": 1
    }
  }
}
