{
  "Actor": {
    "types": ["character", "npc"],
    "templates": {
      "base": {
        "health": {
          "value": 10,
          "min": 0,
          "max": 10
        },
        "power": {
          "value": 5,
          "min": 0,
          "max": 5
        },
        "biography": ""
      }
    },
    "character": {
      "templates": ["base"],
      "attributes": {
        "level": {
          "value": 1
        }
      },
      "currentStance": {
        "rolledDice": [],
        "selectedDice": -1,
        "index": -1
      },
      "tokens": {
        "speed": { "value": 0 },
        "iron": { "value": 0 },
        "power": { "value": 0 },
        "weakness": { "value": 0 },
        "burning": { "value": 0 }
      },
      "actonDicePool": []
    },
    "npc": {
      "templates": ["base"],
      "cr": 0
    }
  },
  "Item": {
    "types": ["form", "style", "item", "feature", "archetype"],
    "templates": {
      "base": {
        "description": ""
      }
    },

    "archetype": {
      "templates": ["base"],
      "name": "Angel",
      "complexity": 0,
      "abilities": [
        {
          "title": "Focused ...",
          "description": "Focused description",
          "heroType": "Focused"
        },
        {
          "title": "Fused ...",
          "description": "Fused ...",
          "heroType": "Fused"
        },
        {
          "title": "Frantic ...",
          "description": "Frantic ...",
          "heroType": "Frantic"
        }
      ],
      "archetypeSlug": "angel"
    },

    "form": {
      "templates": ["base"],
      "name": "Dance Form",
      "alternativeNames": "Circle, Crab",
      "actionDice": ["d6", "6", "d4"],
      "abilityDescription": "",
      "skillTitle": "",
      "skillDescription": "",
      "uniqueActions": []
    },

    "style": {
      "templates": ["base"],
      "name": "Pressure Style",
      "abilityDescription": "",
      "range": [1, 2],
      "uniqueActions": [],
      "commentary": ""
    },

    "item": {
      "templates": ["base"],
      "quantity": 1,
      "weight": 0,
      "formula": "d20 + @str.mod + ceil(@lvl / 2)"
    },
    "feature": {
      "templates": ["base"]
    }
  }
}
