{
  "id": "panic-system",
  "title": "Panic At The Dojo (Unofficial)",
  "description": "The Unofficial Panic At The Dojo system for FoundryVTT!",
  "authors": [
    {
      "name": "Gage Peterson",
      "discord": "just.gage"
    }
  ],
  "url": "https://github.com/justgage/foundry-panic-at-the-dojo",
  "license": "LICENSE.txt",
  "readme": "README.md",
  "bugs": "https://github.com/justgage/foundry-panic-at-the-dojo/issues",
  "changelog": "CHANGELOG.md",
  "media": [
    {
      "type": "setup",
      "url": "systems/panic-system/assets/anvil-impact.png",
      "thumbnail": "systems/panic-system/assets/anvil-impact.png"
    }
  ],
  "version": "0.0.6",
  "compatibility": {
    "minimum": 11,
    "verified": "11.315"
  },
  "esmodules": ["module/panic-system.mjs"],
  "styles": ["css/panic-system.css"],
  "languages": [
    {
      "lang": "en",
      "name": "English",
      "path": "lang/en.json"
    }
  ],
  "packs": [],
  "packFolders": [],
  "socket": false,
  "manifest": "https://raw.githubusercontent.com/justgage/foundry-panic-at-the-dojo/main/system.json",
  "download": "https://github.com/justgage/foundry-panic-at-the-dojo/raw/main/releases/v0.0.4.zip",
  "background": "systems/panic-system/assets/anvil-impact.png",
  "gridDistance": 5,
  "gridUnits": "ft",
  "primaryTokenAttribute": "health",
  "secondaryTokenAttribute": "power",
  "documentTypes": {
    "Actor": {
      "character": {},
      "npc": {}
    }
  }
}
